{"cameraMode":{"drawMode":0,"name":"Shaded","section":"Shading Mode"},"sceneLighting":false,"audioPlay":false,"sceneViewState":{"showFog":true,"showMaterialUpdate":false,"showSkybox":false,"showFlares":true,"showImageEffects":true,"showParticleSystems":true},"in2DMode":false,"pivot":{"x":18.034317016601564,"y":1.6323182582855225,"z":-1.7977056503295899},"rotation":{"x":0.23018759489059449,"y":0.067071832716465,"z":-0.015908777713775636,"w":0.9707018136978149},"size":6.66567325592041,"orthographic":false}