{"cameraMode":{"drawMode":0,"name":"Shaded","section":"Shading Mode"},"sceneLighting":false,"audioPlay":false,"sceneViewState":{"showFog":true,"showMaterialUpdate":false,"showSkybox":false,"showFlares":true,"showImageEffects":true,"showParticleSystems":true},"in2DMode":false,"pivot":{"x":0.9798884391784668,"y":0.22104692459106446,"z":3.404486656188965},"rotation":{"x":0.16410405933856965,"y":-0.44003140926361086,"z":0.0821429193019867,"w":0.8790305852890015},"size":7.286407947540283,"orthographic":false}