{"cameraMode":{"drawMode":0,"name":"Shaded","section":"Shading Mode"},"sceneLighting":false,"audioPlay":false,"sceneViewState":{"showFog":true,"showMaterialUpdate":false,"showSkybox":false,"showFlares":true,"showImageEffects":true,"showParticleSystems":true},"in2DMode":false,"pivot":{"x":10.374002456665039,"y":1.1391884088516236,"z":-0.022797375917434694},"rotation":{"x":0.36492592096328738,"y":0.15641865134239198,"z":-0.06234067678451538,"w":0.9156833291053772},"size":6.66567325592041,"orthographic":false}