{"cameraMode":{"drawMode":0,"name":"Shaded","section":"Shading Mode"},"sceneLighting":false,"audioPlay":false,"sceneViewState":{"showFog":true,"showMaterialUpdate":false,"showSkybox":false,"showFlares":true,"showImageEffects":true,"showParticleSystems":true},"in2DMode":false,"pivot":{"x":9.026956558227539,"y":3.941148281097412,"z":-4.073489665985107},"rotation":{"x":-0.24970783293247224,"y":0.0928046777844429,"z":-0.02404669113457203,"w":-0.9635637998580933},"size":1.0134778022766114,"orthographic":false}