{"cameraMode":{"drawMode":0,"name":"Shaded","section":"Shading Mode"},"sceneLighting":false,"audioPlay":false,"sceneViewState":{"showFog":true,"showMaterialUpdate":false,"showSkybox":false,"showFlares":true,"showImageEffects":true,"showParticleSystems":true},"in2DMode":false,"pivot":{"x":1.6533315181732178,"y":1.9174437522888184,"z":0.852371871471405},"rotation":{"x":0.13381661474704743,"y":-0.422694593667984,"z":0.06325753778219223,"w":0.8941034078598023},"size":7.251118183135986,"orthographic":false}