{"cameraMode":{"drawMode":0,"name":"Shaded","section":"Shading Mode"},"sceneLighting":false,"audioPlay":false,"sceneViewState":{"showFog":true,"showMaterialUpdate":false,"showSkybox":false,"showFlares":true,"showImageEffects":true,"showParticleSystems":true},"in2DMode":false,"pivot":{"x":-0.17913290858268739,"y":3.806173324584961,"z":-1.853379726409912},"rotation":{"x":-0.3821178078651428,"y":-0.015775075182318689,"z":0.006529311183840036,"w":-0.9239559173583984},"size":3.582897186279297,"orthographic":false}