{"cameraMode":{"drawMode":0,"name":"Shaded","section":"Shading Mode"},"sceneLighting":false,"audioPlay":false,"sceneViewState":{"showFog":true,"showMaterialUpdate":false,"showSkybox":false,"showFlares":true,"showImageEffects":true,"showParticleSystems":true},"in2DMode":false,"pivot":{"x":12.281891822814942,"y":4.253400802612305,"z":-4.9002580642700199},"rotation":{"x":-0.2063162922859192,"y":0.03846056014299393,"z":-0.00811247993260622,"w":-0.9776955842971802},"size":1.0134778022766114,"orthographic":false}