{"cameraMode":{"drawMode":0,"name":"Shaded","section":"Shading Mode"},"sceneLighting":false,"audioPlay":false,"sceneViewState":{"showFog":true,"showMaterialUpdate":false,"showSkybox":false,"showFlares":true,"showImageEffects":true,"showParticleSystems":true},"in2DMode":false,"pivot":{"x":-6.587909698486328,"y":-6.797990798950195,"z":19.69217872619629},"rotation":{"x":0.15489155054092408,"y":-0.2766348719596863,"z":0.04522603005170822,"w":0.9473312497138977},"size":33.0700569152832,"orthographic":false}