{"cameraMode":{"drawMode":0,"name":"Shaded","section":"Shading Mode"},"sceneLighting":false,"audioPlay":false,"sceneViewState":{"showFog":true,"showMaterialUpdate":false,"showSkybox":false,"showFlares":true,"showImageEffects":true,"showParticleSystems":true},"in2DMode":false,"pivot":{"x":9.339683532714844,"y":-8.237715721130371,"z":17.319076538085939},"rotation":{"x":-0.22808173298835755,"y":0.08751410990953446,"z":-0.020584000274538995,"w":-0.9694825410842896},"size":33.0700569152832,"orthographic":false}