{"cameraMode":{"drawMode":0,"name":"Shaded","section":"Shading Mode"},"sceneLighting":false,"audioPlay":false,"sceneViewState":{"showFog":true,"showMaterialUpdate":false,"showSkybox":false,"showFlares":true,"showImageEffects":true,"showParticleSystems":true},"in2DMode":false,"pivot":{"x":0.6860000491142273,"y":0.744868814945221,"z":-0.01683734357357025},"rotation":{"x":0.16548790037631989,"y":-0.13154543936252595,"z":0.022274717688560487,"w":0.9771455526351929},"size":2.00097393989563,"orthographic":false}