{"cameraMode":{"drawMode":0,"name":"Shaded","section":"Shading Mode"},"sceneLighting":false,"audioPlay":false,"sceneViewState":{"showFog":true,"showMaterialUpdate":false,"showSkybox":false,"showFlares":true,"showImageEffects":true,"showParticleSystems":true},"in2DMode":false,"pivot":{"x":0.0,"y":0.17000000178813935,"z":-0.13999998569488526},"rotation":{"x":0.3638820946216583,"y":-0.34706470370292666,"z":0.1483028382062912,"w":0.8515528440475464},"size":0.8762105703353882,"orthographic":false}