{"cameraMode":{"drawMode":0,"name":"Shaded","section":"Shading Mode"},"sceneLighting":false,"audioPlay":false,"sceneViewState":{"showFog":true,"showMaterialUpdate":false,"showSkybox":false,"showFlares":true,"showImageEffects":true,"showParticleSystems":true},"in2DMode":false,"pivot":{"x":355.1192932128906,"y":199.09033203125,"z":-364.1441345214844},"rotation":{"x":-0.007169471122324467,"y":-0.02100800909101963,"z":-0.00015320387319661677,"w":0.9997535943984985},"size":2.863051414489746,"orthographic":false}