{"cameraMode":{"drawMode":0,"name":"Shaded","section":"Shading Mode"},"sceneLighting":true,"audioPlay":false,"sceneViewState":{"showFog":true,"showMaterialUpdate":false,"showSkybox":true,"showFlares":true,"showImageEffects":true,"showParticleSystems":true},"in2DMode":false,"pivot":{"x":-0.2109999656677246,"y":0.19999998807907105,"z":-8.58137035369873},"rotation":{"x":0.3638820946216583,"y":-0.34706470370292666,"z":0.1483028382062912,"w":0.8515528440475464},"size":10.587706565856934,"orthographic":false}