{"cameraMode":{"drawMode":0,"name":"Shaded","section":"Shading Mode"},"sceneLighting":false,"audioPlay":false,"sceneViewState":{"showFog":true,"showMaterialUpdate":false,"showSkybox":false,"showFlares":true,"showImageEffects":true,"showParticleSystems":true},"in2DMode":false,"pivot":{"x":-0.13361802697181703,"y":0.14231443405151368,"z":-0.16629701852798463},"rotation":{"x":0.7185185551643372,"y":-0.00001456232257623924,"z":0.000009732519174576737,"w":0.695507824420929},"size":3.7834484577178957,"orthographic":false}