{"cameraMode":{"drawMode":0,"name":"Shaded","section":"Shading Mode"},"sceneLighting":false,"audioPlay":false,"sceneViewState":{"showFog":true,"showMaterialUpdate":false,"showSkybox":false,"showFlares":true,"showImageEffects":true,"showParticleSystems":true},"in2DMode":false,"pivot":{"x":0.0,"y":0.3075428009033203,"z":-0.10251423716545105},"rotation":{"x":-0.45549049973487856,"y":0.06614699214696884,"z":-0.03395870327949524,"w":-0.8871301412582398},"size":1.4479748010635377,"orthographic":false}