{"cameraMode":{"drawMode":0,"name":"Shaded","section":"Shading Mode"},"sceneLighting":false,"audioPlay":false,"sceneViewState":{"showFog":true,"showMaterialUpdate":false,"showSkybox":false,"showFlares":true,"showImageEffects":true,"showParticleSystems":true},"in2DMode":false,"pivot":{"x":4.993657112121582,"y":0.9094841480255127,"z":-0.006999999284744263},"rotation":{"x":-0.015436379238963128,"y":-0.9766648411750794,"z":0.2005898356437683,"w":-0.07517508417367935},"size":1.9700701236724854,"orthographic":false}