{"cameraMode":{"drawMode":0,"name":"Shaded","section":"Shading Mode"},"sceneLighting":false,"audioPlay":false,"sceneViewState":{"showFog":true,"showMaterialUpdate":false,"showSkybox":false,"showFlares":true,"showImageEffects":true,"showParticleSystems":true},"in2DMode":false,"pivot":{"x":2.4723587036132814,"y":0.5884344577789307,"z":0.3365134000778198},"rotation":{"x":-0.015436379238963128,"y":-0.9766648411750794,"z":0.2005898356437683,"w":-0.07517508417367935},"size":1.2495129108428956,"orthographic":false}