{"cameraMode":{"drawMode":0,"name":"Shaded","section":"Shading Mode"},"sceneLighting":false,"audioPlay":false,"sceneViewState":{"showFog":true,"showMaterialUpdate":false,"showSkybox":false,"showFlares":true,"showImageEffects":true,"showParticleSystems":true},"in2DMode":false,"pivot":{"x":0.5789999961853027,"y":0.16217370331287385,"z":-0.16000014543533326},"rotation":{"x":-0.0884416401386261,"y":-0.005952273029834032,"z":0.0005330999847501516,"w":-0.9960634708404541},"size":0.9416162371635437,"orthographic":false}