{"cameraMode":{"drawMode":0,"name":"Shaded","section":"Shading Mode"},"sceneLighting":false,"audioPlay":false,"sceneViewState":{"showFog":true,"showMaterialUpdate":false,"showSkybox":false,"showFlares":true,"showImageEffects":true,"showParticleSystems":true},"in2DMode":false,"pivot":{"x":9.709214210510254,"y":2.0573441982269289,"z":0.6816854476928711},"rotation":{"x":-0.25244763493537905,"y":0.032819632440805438,"z":-0.008562983945012093,"w":-0.9670159220695496},"size":6.451958179473877,"orthographic":false}