{"cameraMode":{"drawMode":0,"name":"Shaded","section":"Shading Mode"},"sceneLighting":false,"audioPlay":false,"sceneViewState":{"showFog":true,"showMaterialUpdate":false,"showSkybox":false,"showFlares":true,"showImageEffects":true,"showParticleSystems":true},"in2DMode":false,"pivot":{"x":8.278203964233399,"y":0.39160919189453127,"z":-0.3190966844558716},"rotation":{"x":-0.1516474336385727,"y":-0.31759393215179446,"z":0.05153731256723404,"w":-0.9346020817756653},"size":1.7798837423324586,"orthographic":false}