{"cameraMode":{"drawMode":0,"name":"Shaded","section":"Shading Mode"},"sceneLighting":true,"audioPlay":false,"sceneViewState":{"showFog":true,"showMaterialUpdate":false,"showSkybox":true,"showFlares":true,"showImageEffects":true,"showParticleSystems":true},"in2DMode":false,"pivot":{"x":1.7678166627883912,"y":4.22903299331665,"z":-3.452820062637329},"rotation":{"x":-0.33565354347229006,"y":-0.07897418737411499,"z":0.028257666155695916,"w":-0.9382437467575073},"size":1.4479748010635377,"orthographic":false}