{"cameraMode":{"drawMode":0,"name":"Shaded","section":"Shading Mode"},"sceneLighting":false,"audioPlay":false,"sceneViewState":{"showFog":true,"showMaterialUpdate":false,"showSkybox":false,"showFlares":true,"showImageEffects":true,"showParticleSystems":true},"in2DMode":false,"pivot":{"x":0.9266190528869629,"y":-0.9274168014526367,"z":0.1233532577753067},"rotation":{"x":0.2523253262042999,"y":-0.6488000750541687,"z":0.24223709106445313,"w":0.6758044362068176},"size":6.66567325592041,"orthographic":false}